Model,Pred_s,Precision,Recall,F1,FPR,FNR
CatBoost-SQL,0.13463389966636896,1.0,0.7878253198059109,0.8813224771773994,0.0,0.2121746801940891
CatBoost-XSS,0.07700970023870468,1.0,0.9464406779661017,0.9724834552420759,0.0,0.05355932203389831
MLP-SQL,0.02129790000617504,0.9911894273127754,0.7940008822232024,0.881704628949302,0.004100461301896463,0.20599911777679752
MLP-XSS,0.010081999935209751,0.999288256227758,0.951864406779661,0.975,0.000791765637371338,0.04813559322033898
RandomForest-SQL,0.8627100996673107,0.9917172832689122,0.792236435818262,0.8808239333006376,0.0038441824705279346,0.20776356418173797
RandomForest-XSS,0.09035099996253848,1.0,0.9450847457627118,0.9717671662600209,0.0,0.05491525423728814
TabPFN-SQL,5056.038699799683,1.0,0.7838553153947949,0.8788328387734916,0.0,0.2161446846052051
TabPFN-XSS,909.7467050999403,1.0,0.9423728813559322,0.9703315881326352,0.0,0.0576271186440678
XGBoost-SQL,0.04113319981843233,1.0,0.4239082487869431,0.5954151177199505,0.0,0.5760917512130569
XGBoost-XSS,0.023783300071954727,0.6463628396143734,1.0,0.7852009582113388,0.6389548693586699,0.0
